[{"label":"<abbrev> - Abbreviation or Acronym", "value": "../element/abbrev.html"},
{"label":"<abstract> - Abstract", "value": "../element/abstract.html"},
{"label":"<access-date> - Access Date For Cited Work (deprecated)", "value": "../element/access-date.html"},
{"label":"<accrediting-organization> - Accrediting Organization", "value": "../element/accrediting-organization.html"},
{"label":"<ack> - Acknowledgments", "value": "../element/ack.html"},
{"label":"<addr-line> - Address Line", "value": "../element/addr-line.html"},
{"label":"<address> - Address/Contact Information", "value": "../element/address.html"},
{"label":"<adoption> - Standard Adoption Document", "value": "../element/adoption.html"},
{"label":"<adoption-front> - Front Matter, Adoption", "value": "../element/adoption-front.html"},
{"label":"<aff> - Affiliation", "value": "../element/aff.html"},
{"label":"<aff-alternatives> - Affiliation Alternatives", "value": "../element/aff-alternatives.html"},
{"label":"<ali:free_to_read> - Free to Read (NISO ALI)", "value": "../element/ali-free_to_read.html"},
{"label":"<ali:license_ref> - License Reference (NISO ALI)", "value": "../element/ali-license_ref.html"},
{"label":"<alt-text> - Alternate Title Text For a Figure, Etc.", "value": "../element/alt-text.html"},
{"label":"<alt-title> - Alternate Title (in an Index)", "value": "../element/alt-title.html"},
{"label":"<alternatives> - Alternatives For Processing", "value": "../element/alternatives.html"},
{"label":"<annex-type> - Type of Annex", "value": "../element/annex-type.html"},
{"label":"<annotation> - Annotation (in a citation)", "value": "../element/annotation.html"},
{"label":"<anonymous> - Anonymous", "value": "../element/anonymous.html"},
{"label":"<app> - Appendix", "value": "../element/app.html"},
{"label":"<app-group> - Appendix Group", "value": "../element/app-group.html"},
{"label":"<array> - Array (Simple Tabular Array)", "value": "../element/array.html"},
{"label":"<article-title> - Article Title (in a citation)", "value": "../element/article-title.html"},
{"label":"<attrib> - Attribution", "value": "../element/attrib.html"},
{"label":"<author-comment> - Author Comment", "value": "../element/author-comment.html"},
{"label":"<authorization> - Authorization", "value": "../element/authorization.html"},
{"label":"<award-id> - Award Identifier", "value": "../element/award-id.html"},
{"label":"<back> - Back Matter", "value": "../element/back.html"},
{"label":"<bio> - Biography", "value": "../element/bio.html"},
{"label":"<body> - Body of the Standards Document", "value": "../element/body.html"},
{"label":"<bold> - Bold", "value": "../element/bold.html"},
{"label":"<boxed-text> - Boxed Text", "value": "../element/boxed-text.html"},
{"label":"<break> - Line Break", "value": "../element/break.html"},
{"label":"<caption> - Caption of a Figure, Table, Etc.", "value": "../element/caption.html"},
{"label":"<chapter-title> - Chapter Title (in a citation)", "value": "../element/chapter-title.html"},
{"label":"<chem-struct> - Chemical Structure (Display)", "value": "../element/chem-struct.html"},
{"label":"<chem-struct-wrap> - Chemical Structure Wrapper", "value": "../element/chem-struct-wrap.html"},
{"label":"<citation-alternatives> - Citation Alternatives", "value": "../element/citation-alternatives.html"},
{"label":"<city> - City (in an address)", "value": "../element/city.html"},
{"label":"<code> - Code Text", "value": "../element/code.html"},
{"label":"<col> - Table Column (NISO JATS table model)", "value": "../element/col.html"},
{"label":"<colgroup> - Table Column Group (NISO JATS table model)", "value": "../element/colgroup.html"},
{"label":"<collab> - Collaborative (Group) Author", "value": "../element/collab.html"},
{"label":"<collab-alternatives> - Collaboration Alternatives", "value": "../element/collab-alternatives.html"},
{"label":"<comm-ref> - Committee Reference", "value": "../element/comm-ref.html"},
{"label":"<comm-ref-group> - Committee Reference Group", "value": "../element/comm-ref-group.html"},
{"label":"<comment> - Comment (in a citation)", "value": "../element/comment.html"},
{"label":"<compl> - Complementary Title Part", "value": "../element/compl.html"},
{"label":"<compl-title-wrap> - Complementary Title Wrapper", "value": "../element/compl-title-wrap.html"},
{"label":"<compound-kwd> - Compound Keyword", "value": "../element/compound-kwd.html"},
{"label":"<compound-kwd-part> - Compound Keyword Part", "value": "../element/compound-kwd-part.html"},
{"label":"<compound-subject> - Compound Subject Name", "value": "../element/compound-subject.html"},
{"label":"<compound-subject-part> - Compound Subject Part Name", "value": "../element/compound-subject-part.html"},
{"label":"<conf-acronym> - Conference Acronym (in a citation)", "value": "../element/conf-acronym.html"},
{"label":"<conf-date> - Conference Date (in a citation)", "value": "../element/conf-date.html"},
{"label":"<conf-loc> - Conference Location (in a citation)", "value": "../element/conf-loc.html"},
{"label":"<conf-name> - Conference Name (in a citation)", "value": "../element/conf-name.html"},
{"label":"<conf-sponsor> - Conference Sponsor (in a citation)", "value": "../element/conf-sponsor.html"},
{"label":"<content-language> - Content Language", "value": "../element/content-language.html"},
{"label":"<contrib> - Contributor", "value": "../element/contrib.html"},
{"label":"<contrib-group> - Contributor Group", "value": "../element/contrib-group.html"},
{"label":"<contrib-id> - Contributor Identifier", "value": "../element/contrib-id.html"},
{"label":"<copyright-holder> - Copyright Holder", "value": "../element/copyright-holder.html"},
{"label":"<copyright-statement> - Copyright Statement", "value": "../element/copyright-statement.html"},
{"label":"<copyright-year> - Copyright Year", "value": "../element/copyright-year.html"},
{"label":"<count> - Count", "value": "../element/count.html"},
{"label":"<country> - Country (in an address)", "value": "../element/country.html"},
{"label":"<counts> - Counts", "value": "../element/counts.html"},
{"label":"<custom-meta> - Custom Metadata", "value": "../element/custom-meta.html"},
{"label":"<custom-meta-group> - Custom Metadata Group", "value": "../element/custom-meta-group.html"},
{"label":"<data-title> - Data Title (in a citation)", "value": "../element/data-title.html"},
{"label":"<date> - Date (in a citation)", "value": "../element/date.html"},
{"label":"<date-in-citation> - Date in Citation (in a citation)", "value": "../element/date-in-citation.html"},
{"label":"<day> - Day (in a citation)", "value": "../element/day.html"},
{"label":"<def> - Definition", "value": "../element/def.html"},
{"label":"<def-head> - Definition List: Definition Head", "value": "../element/def-head.html"},
{"label":"<def-item> - Definition List: Definition Item", "value": "../element/def-item.html"},
{"label":"<def-list> - Definition List", "value": "../element/def-list.html"},
{"label":"<degrees> - Degree(s)", "value": "../element/degrees.html"},
{"label":"<disp-formula> - Formula, Display", "value": "../element/disp-formula.html"},
{"label":"<disp-formula-group> - Formula, Display Group", "value": "../element/disp-formula-group.html"},
{"label":"<disp-quote> - Quote, Displayed", "value": "../element/disp-quote.html"},
{"label":"<doc-ident> - ISO-Specific Document Identification Section", "value": "../element/doc-ident.html"},
{"label":"<doc-number> - Document Number", "value": "../element/doc-number.html"},
{"label":"<doc-ref> - Document Reference Designation", "value": "../element/doc-ref.html"},
{"label":"<doc-type> - Document Type", "value": "../element/doc-type.html"},
{"label":"<editing-instruction> - Editing Instruction", "value": "../element/editing-instruction.html"},
{"label":"<edition> - Edition Statement", "value": "../element/edition.html"},
{"label":"<element-citation> - Element Citation", "value": "../element/element-citation.html"},
{"label":"<elocation-id> - Electronic Location Identifier (in a citation)", "value": "../element/elocation-id.html"},
{"label":"<email> - Email Address", "value": "../element/email.html"},
{"label":"<equation-count> - Equation Count", "value": "../element/equation-count.html"},
{"label":"<era> - Era (in a citation)", "value": "../element/era.html"},
{"label":"<etal> - Et Al. (in a citation)", "value": "../element/etal.html"},
{"label":"<ext-link> - External Link", "value": "../element/ext-link.html"},
{"label":"<fax> - Fax Number (in address)", "value": "../element/fax.html"},
{"label":"<fig> - Figure", "value": "../element/fig.html"},
{"label":"<fig-count> - Figure Count", "value": "../element/fig-count.html"},
{"label":"<fig-group> - Figure Group", "value": "../element/fig-group.html"},
{"label":"<fixed-case> - Fixed Case", "value": "../element/fixed-case.html"},
{"label":"<fn> - Footnote", "value": "../element/fn.html"},
{"label":"<fn-group> - Footnote Group", "value": "../element/fn-group.html"},
{"label":"<fpage> - First Page (in a citation)", "value": "../element/fpage.html"},
{"label":"<front> - Front Matter", "value": "../element/front.html"},
{"label":"<full> - Full Title", "value": "../element/full.html"},
{"label":"<funding-source> - Funding Source", "value": "../element/funding-source.html"},
{"label":"<given-names> - Given (First) Names", "value": "../element/given-names.html"},
{"label":"<glossary> - Glossary Elements", "value": "../element/glossary.html"},
{"label":"<glyph-data> - Glyph Data For a Private Character", "value": "../element/glyph-data.html"},
{"label":"<glyph-ref> - Glyph Reference For a Private Character", "value": "../element/glyph-ref.html"},
{"label":"<gov> - Government Report (in a citation)", "value": "../element/gov.html"},
{"label":"<graphic> - Graphic", "value": "../element/graphic.html"},
{"label":"<hr> - Horizontal Rule", "value": "../element/hr.html"},
{"label":"<ics> - ICS Code Number", "value": "../element/ics.html"},
{"label":"<ics-desc> - ICS Code Description", "value": "../element/ics-desc.html"},
{"label":"<ics-wrap> - ICS Code/Description Wrapper", "value": "../element/ics-wrap.html"},
{"label":"<index> - Index", "value": "../element/index.html"},
{"label":"<index-div> - Index Division", "value": "../element/index-div.html"},
{"label":"<index-entry> - Index Entry", "value": "../element/index-entry.html"},
{"label":"<index-group> - Index Group", "value": "../element/index-group.html"},
{"label":"<index-term> - Index Term", "value": "../element/index-term.html"},
{"label":"<index-term-range-end> - Index Term Range End", "value": "../element/index-term-range-end.html"},
{"label":"<index-title-group> - Index Title Group", "value": "../element/index-title-group.html"},
{"label":"<inline-formula> - Formula, Inline", "value": "../element/inline-formula.html"},
{"label":"<inline-graphic> - Inline Graphic", "value": "../element/inline-graphic.html"},
{"label":"<inline-supplementary-material> - Inline Supplementary Material", "value": "../element/inline-supplementary-material.html"},
{"label":"<institution> - Institution Name", "value": "../element/institution.html"},
{"label":"<institution-id> - Institution Identifier", "value": "../element/institution-id.html"},
{"label":"<institution-wrap> - Institution Wrapper", "value": "../element/institution-wrap.html"},
{"label":"<intro> - Introductory Title Part", "value": "../element/intro.html"},
{"label":"<intro-title-wrap> - Introductory Title Wrapper", "value": "../element/intro-title-wrap.html"},
{"label":"<is-proof> - Document in Proof Stage?", "value": "../element/is-proof.html"},
{"label":"<isbn> - ISBN", "value": "../element/isbn.html"},
{"label":"<iso-meta> - ISO-specific Metadata", "value": "../element/iso-meta.html"},
{"label":"<issn> - ISSN (in a citation)", "value": "../element/issn.html"},
{"label":"<issn-l> - ISSN-L (Linking ISSN) (in a citation)", "value": "../element/issn-l.html"},
{"label":"<issue> - Issue Number (in a citation)", "value": "../element/issue.html"},
{"label":"<issue-id> - Issue Identifier (in a citation)", "value": "../element/issue-id.html"},
{"label":"<issue-part> - Issue Part (in a citation)", "value": "../element/issue-part.html"},
{"label":"<issue-title> - Issue Title (in a citation)", "value": "../element/issue-title.html"},
{"label":"<italic> - Italic", "value": "../element/italic.html"},
{"label":"<journal-id> - Journal Identifier in a Related Article", "value": "../element/journal-id.html"},
{"label":"<kwd> - Keyword", "value": "../element/kwd.html"},
{"label":"<kwd-group> - Keyword Group", "value": "../element/kwd-group.html"},
{"label":"<label> - Label of a Figure, Reference, Etc.", "value": "../element/label.html"},
{"label":"<language> - ISO-specific Language Designation", "value": "../element/language.html"},
{"label":"<license> - License Information", "value": "../element/license.html"},
{"label":"<license-p> - License Paragraph", "value": "../element/license-p.html"},
{"label":"<list> - List", "value": "../element/list.html"},
{"label":"<list-item> - List Item", "value": "../element/list-item.html"},
{"label":"<long-desc> - Long Description", "value": "../element/long-desc.html"},
{"label":"<lpage> - Last Page (in a citation)", "value": "../element/lpage.html"},
{"label":"<main> - Main Title Part", "value": "../element/main.html"},
{"label":"<main-title-wrap> - Main Title Wrapper", "value": "../element/main-title-wrap.html"},
{"label":"<media> - Media Object", "value": "../element/media.html"},
{"label":"<meta-date> - Other Metadata Date", "value": "../element/meta-date.html"},
{"label":"<meta-name> - Metadata Data Name for Custom Metadata", "value": "../element/meta-name.html"},
{"label":"<meta-note> - Metadata Note", "value": "../element/meta-note.html"},
{"label":"<meta-value> - Metadata Data Value for Custom Metadata", "value": "../element/meta-value.html"},
{"label":"<milestone-end> - Milestone End", "value": "../element/milestone-end.html"},
{"label":"<milestone-start> - Milestone Start", "value": "../element/milestone-start.html"},
{"label":"<mixed-citation> - Mixed Citation", "value": "../element/mixed-citation.html"},
{"label":"<mml:math> - Math (MathML Tag Set)", "value": "../element/mml-math.html"},
{"label":"<monospace> - Monospace Text (Typewriter Text)", "value": "../element/monospace.html"},
{"label":"<month> - Month (in a citation)", "value": "../element/month.html"},
{"label":"<name> - Name of Person (Structured)", "value": "../element/name.html"},
{"label":"<name-alternatives> - Name Alternatives", "value": "../element/name-alternatives.html"},
{"label":"<named-content> - Named Special (Subject) Content", "value": "../element/named-content.html"},
{"label":"<nat-meta> - ISO-specific National-Body Metadata", "value": "../element/nat-meta.html"},
{"label":"<nav-pointer> - Navigation Pointer", "value": "../element/nav-pointer.html"},
{"label":"<nav-pointer-group> - Navigation Pointer Group", "value": "../element/nav-pointer-group.html"},
{"label":"<nested-kwd> - Nested Keyword", "value": "../element/nested-kwd.html"},
{"label":"<nlm-citation> - NLM Citation Model (deprecated)", "value": "../element/nlm-citation.html"},
{"label":"<non-normative-example> - Non-Normative-Example", "value": "../element/non-normative-example.html"},
{"label":"<non-normative-note> - Non-Normative-Note", "value": "../element/non-normative-note.html"},
{"label":"<normative-example> - Normative-Example", "value": "../element/normative-example.html"},
{"label":"<normative-note> - Normative-Note", "value": "../element/normative-note.html"},
{"label":"<notes> - Notes Section", "value": "../element/notes.html"},
{"label":"<notes-group> - Notes Group", "value": "../element/notes-group.html"},
{"label":"<num> - ISO Numeric Emphasis", "value": "../element/num.html"},
{"label":"<oasis:table> - OASIS XML Exchange (CALS) Table", "value": "../element/oasis-table.html"},
{"label":"<oasis:tbody> - Table Body for an OASIS XML Exchange (CALS) Table", "value": "../element/oasis-tbody.html"},
{"label":"<object-id> - Object Identifier", "value": "../element/object-id.html"},
{"label":"<on-behalf-of> - On Behalf of", "value": "../element/on-behalf-of.html"},
{"label":"<open-access> - Open Access", "value": "../element/open-access.html"},
{"label":"<originator> - Originator", "value": "../element/originator.html"},
{"label":"<overline> - Overline", "value": "../element/overline.html"},
{"label":"<p> - Paragraph", "value": "../element/p.html"},
{"label":"<page-count> - Page Count", "value": "../element/page-count.html"},
{"label":"<page-range> - Page Ranges (in a citation)", "value": "../element/page-range.html"},
{"label":"<part-number> - Part Number of a Multipart Document", "value": "../element/part-number.html"},
{"label":"<part-of-speech> - Part of Speech", "value": "../element/part-of-speech.html"},
{"label":"<part-title> - Part Title (in a citation)", "value": "../element/part-title.html"},
{"label":"<patent> - Patent Number (in a citation)", "value": "../element/patent.html"},
{"label":"<permissions> - Permissions", "value": "../element/permissions.html"},
{"label":"<person-group> - Person Group (in a citation)", "value": "../element/person-group.html"},
{"label":"<phone> - Phone Number: in an Address", "value": "../element/phone.html"},
{"label":"<postal-code> - Postal Code: in an Address", "value": "../element/postal-code.html"},
{"label":"<prefix> - Prefix (in a name)", "value": "../element/prefix.html"},
{"label":"<preformat> - Preformatted Text", "value": "../element/preformat.html"},
{"label":"<price> - Price", "value": "../element/price.html"},
{"label":"<private-char> - Private Character (Custom or Unicode)", "value": "../element/private-char.html"},
{"label":"<proj-id> - ISO-Specific Project Identifier", "value": "../element/proj-id.html"},
{"label":"<pronunciation> - Pronunciation", "value": "../element/pronunciation.html"},
{"label":"<pub-date> - Publication Date", "value": "../element/pub-date.html"},
{"label":"<pub-id> - Publication Identifier (in a citation)", "value": "../element/pub-id.html"},
{"label":"<publisher-loc> - Publisher’s Location (in a citation)", "value": "../element/publisher-loc.html"},
{"label":"<publisher-name> - Publisher's Name (in a citation)", "value": "../element/publisher-name.html"},
{"label":"<rb> - Ruby Base Text", "value": "../element/rb.html"},
{"label":"<ref> - Reference Item", "value": "../element/ref.html"},
{"label":"<ref-count> - Reference Count", "value": "../element/ref-count.html"},
{"label":"<ref-list> - Reference List (Bibliographic Reference List)", "value": "../element/ref-list.html"},
{"label":"<reg-meta> - ISO-specific Regional Metadata", "value": "../element/reg-meta.html"},
{"label":"<related-article> - Related Journal Article Information", "value": "../element/related-article.html"},
{"label":"<related-object> - Related Non-standards Object Information", "value": "../element/related-object.html"},
{"label":"<related-term> - Related Terms", "value": "../element/related-term.html"},
{"label":"<release-date> - Release-Date", "value": "../element/release-date.html"},
{"label":"<release-version> - Release-Version", "value": "../element/release-version.html"},
{"label":"<release-version-id> - ISO-Specific Release Version ID", "value": "../element/release-version-id.html"},
{"label":"<role> - Role or Function Title of Contributor", "value": "../element/role.html"},
{"label":"<roman> - Roman", "value": "../element/roman.html"},
{"label":"<rt> - Ruby Textual Annotation", "value": "../element/rt.html"},
{"label":"<ruby> - Ruby Wrapper", "value": "../element/ruby.html"},
{"label":"<sans-serif> - Sans Serif", "value": "../element/sans-serif.html"},
{"label":"<sc> - Small Caps", "value": "../element/sc.html"},
{"label":"<sdo> - ISO-Specific Name For a Standards Development Organization", "value": "../element/sdo.html"},
{"label":"<season> - Season (in a citation)", "value": "../element/season.html"},
{"label":"<sec> - Section", "value": "../element/sec.html"},
{"label":"<secretariat> - Secretariat", "value": "../element/secretariat.html"},
{"label":"<see> - See (in an index term)", "value": "../element/see.html"},
{"label":"<see-also> - See-Also (in an index-term)", "value": "../element/see-also.html"},
{"label":"<see-also-entry> - See-Also Structural Index Entry", "value": "../element/see-also-entry.html"},
{"label":"<see-entry> - See Structural Index Entry", "value": "../element/see-entry.html"},
{"label":"<self-uri> - Uri For This Same Article Online", "value": "../element/self-uri.html"},
{"label":"<series> - Series (in a citation)", "value": "../element/series.html"},
{"label":"<sig> - Signature", "value": "../element/sig.html"},
{"label":"<sig-block> - Signature Block", "value": "../element/sig-block.html"},
{"label":"<size> - Size (in a citation)", "value": "../element/size.html"},
{"label":"<source> - Source (in a citation)", "value": "../element/source.html"},
{"label":"<speaker> - Speaker", "value": "../element/speaker.html"},
{"label":"<speech> - Speech", "value": "../element/speech.html"},
{"label":"<standard> - Standards Document", "value": "../element/standard.html"},
{"label":"<state> - State or Province (in an address)", "value": "../element/state.html"},
{"label":"<statement> - Statement, Formal", "value": "../element/statement.html"},
{"label":"<std> - Citation to a Standard", "value": "../element/std.html"},
{"label":"<std-doc-meta> - Standards Document Metadata", "value": "../element/std-doc-meta.html"},
{"label":"<std-id> - Standard ID", "value": "../element/std-id.html"},
{"label":"<std-id-group> - Standard ID Group", "value": "../element/std-id-group.html"},
{"label":"<std-ident> - Standard Identification Block", "value": "../element/std-ident.html"},
{"label":"<std-meta> - NISO STS Standard Metadata", "value": "../element/std-meta.html"},
{"label":"<std-org> - Standards Organization Description", "value": "../element/std-org.html"},
{"label":"<std-org-abbrev> - Standards Organization Abbreviated Name", "value": "../element/std-org-abbrev.html"},
{"label":"<std-org-group> - Standards Organization Group", "value": "../element/std-org-group.html"},
{"label":"<std-org-loc> - Standards Organization Location", "value": "../element/std-org-loc.html"},
{"label":"<std-org-name> - Standards Organization Name", "value": "../element/std-org-name.html"},
{"label":"<std-ref> - Standard Reference Designation", "value": "../element/std-ref.html"},
{"label":"<std-xref> - Cross-Reference to a Standard", "value": "../element/std-xref.html"},
{"label":"<strike> - Strike Through", "value": "../element/strike.html"},
{"label":"<string-name> - Name of Person (Unstructured)", "value": "../element/string-name.html"},
{"label":"<styled-content> - Styled Special (Subject) Content", "value": "../element/styled-content.html"},
{"label":"<sub> - Subscript", "value": "../element/sub.html"},
{"label":"<sub-part> - Sub-Part of a Standard", "value": "../element/sub-part.html"},
{"label":"<subj-group> - Subject Group", "value": "../element/subj-group.html"},
{"label":"<subject> - Subject Name", "value": "../element/subject.html"},
{"label":"<subtitle> - Article Subtitle", "value": "../element/subtitle.html"},
{"label":"<suffix> - Suffix (in a name)", "value": "../element/suffix.html"},
{"label":"<sup> - Superscript", "value": "../element/sup.html"},
{"label":"<suppl-number> - Supplement Number", "value": "../element/suppl-number.html"},
{"label":"<suppl-type> - Supplement Type", "value": "../element/suppl-type.html"},
{"label":"<suppl-version> - Supplement Version", "value": "../element/suppl-version.html"},
{"label":"<supplement> - Supplement (in a citation)", "value": "../element/supplement.html"},
{"label":"<supplementary-material> - Supplementary Material", "value": "../element/supplementary-material.html"},
{"label":"<surname> - Surname", "value": "../element/surname.html"},
{"label":"<table> - Table (NISO JATS table model)", "value": "../element/table.html"},
{"label":"<table-count> - Table Count", "value": "../element/table-count.html"},
{"label":"<table-wrap> - Table Wrapper", "value": "../element/table-wrap.html"},
{"label":"<table-wrap-foot> - Table Wrap Footer", "value": "../element/table-wrap-foot.html"},
{"label":"<table-wrap-group> - Table Wrapper Group", "value": "../element/table-wrap-group.html"},
{"label":"<target> - Target of an Internal Link", "value": "../element/target.html"},
{"label":"<tbody> - Table Body for an XHTML Table", "value": "../element/tbody.html"},
{"label":"<tbx:entailedTerm> - Entailed Term", "value": "../element/tbx-entailedTerm.html"},
{"label":"<tbx:termEntry> - Term Entry (Concept Entry)", "value": "../element/tbx-termEntry.html"},
{"label":"<td> - Table Data Cell (NISO JATS table model)", "value": "../element/td.html"},
{"label":"<term> - Term", "value": "../element/term.html"},
{"label":"<term-display> - Term-Display", "value": "../element/term-display.html"},
{"label":"<term-head> - Definition List: Term Head", "value": "../element/term-head.html"},
{"label":"<term-sec> - Terms and Definitions Container/Section", "value": "../element/term-sec.html"},
{"label":"<term-source> - Term Source Elements", "value": "../element/term-source.html"},
{"label":"<tex-math> - TeX Math Equation", "value": "../element/tex-math.html"},
{"label":"<textual-form> - Textual Form", "value": "../element/textual-form.html"},
{"label":"<tfoot> - Table Footer (NISO JATS table model)", "value": "../element/tfoot.html"},
{"label":"<th> - Table Header Cell (NISO JATS table model)", "value": "../element/th.html"},
{"label":"<thead> - Table Header (NISO JATS table model)", "value": "../element/thead.html"},
{"label":"<time-stamp> - Time Stamp For Cited Work (deprecated)", "value": "../element/time-stamp.html"},
{"label":"<title> - Title", "value": "../element/title.html"},
{"label":"<title-wrap> - Title Wrapper", "value": "../element/title-wrap.html"},
{"label":"<toc> - Table of Contents", "value": "../element/toc.html"},
{"label":"<toc-div> - Table of Contents Division", "value": "../element/toc-div.html"},
{"label":"<toc-entry> - Table of Contents Entry", "value": "../element/toc-entry.html"},
{"label":"<toc-group> - Table of Contents Group", "value": "../element/toc-group.html"},
{"label":"<toc-title-group> - Table of Contents Title Group", "value": "../element/toc-title-group.html"},
{"label":"<tr> - Table Row", "value": "../element/tr.html"},
{"label":"<trans-source> - Translated Source (in a citation)", "value": "../element/trans-source.html"},
{"label":"<trans-subtitle> - Translated Subtitle", "value": "../element/trans-subtitle.html"},
{"label":"<trans-title> - Translated Title", "value": "../element/trans-title.html"},
{"label":"<trans-title-group> - Translated Title Group", "value": "../element/trans-title-group.html"},
{"label":"<underline> - Underline", "value": "../element/underline.html"},
{"label":"<uri> - Uniform Resource Identifier (URI)", "value": "../element/uri.html"},
{"label":"<urn> - ISO-Specific Uniform Resource Name", "value": "../element/urn.html"},
{"label":"<verse-group> - Verse Form For Poetry", "value": "../element/verse-group.html"},
{"label":"<verse-line> - Line of a Verse", "value": "../element/verse-line.html"},
{"label":"<version> - Version Statement, Cited", "value": "../element/version.html"},
{"label":"<volume> - Volume Number (in a citation)", "value": "../element/volume.html"},
{"label":"<volume-id> - Volume Identifier (in a citation)", "value": "../element/volume-id.html"},
{"label":"<volume-series> - Volume Series (in a citation)", "value": "../element/volume-series.html"},
{"label":"<wi-number> - Work Item Number", "value": "../element/wi-number.html"},
{"label":"<word-count> - Word Count", "value": "../element/word-count.html"},
{"label":"<xi:fallback> - XInclude Fallback", "value": "../element/xi-fallback.html"},
{"label":"<xi:include> - XInclude", "value": "../element/xi-include.html"},
{"label":"<xref> - X(cross) Reference", "value": "../element/xref.html"},
{"label":"<year> - Year", "value": "../element/year.html"},
{"label":"@abbr - Abbreviation (NISO JATS table model)", "value": "../attribute/abbr.html"},
{"label":"@abstract-type - Abstract Type", "value": "../attribute/abstract-type.html"},
{"label":"@accept - XInclude Accept Header", "value": "../attribute/accept.html"},
{"label":"@accept-language - XInclude Accept Language Header", "value": "../attribute/accept-language.html"},
{"label":"@accredit-acronym - Accreditation Acronym", "value": "../attribute/accredit-acronym.html"},
{"label":"@align - Horizontal Alignment (NISO JATS table model)", "value": "../attribute/align.html"},
{"label":"@alt - Alternative Text", "value": "../attribute/alt.html"},
{"label":"@alt-title-type - Type of Alternate Title", "value": "../attribute/alt-title-type.html"},
{"label":"@arrange - Arrangement of Subscripts and Superscripts", "value": "../attribute/arrange.html"},
{"label":"@assigning-authority - Authority Responsible for an Identifier", "value": "../attribute/assigning-authority.html"},
{"label":"@authenticated - Authenticated", "value": "../attribute/authenticated.html"},
{"label":"@authorize-acronym - Authorization Acronym", "value": "../attribute/authorize-acronym.html"},
{"label":"@axis - Axis (NISO JATS table model)", "value": "../attribute/axis.html"},
{"label":"@baseline-shift - Baseline Shift", "value": "../attribute/baseline-shift.html"},
{"label":"@border - Border (Frame) around a Table (NISO JATS table model)", "value": "../attribute/border.html"},
{"label":"@calendar - calendar", "value": "../attribute/calendar.html"},
{"label":"@cellpadding - Cell Padding (NISO JATS table model)", "value": "../attribute/cellpadding.html"},
{"label":"@cellspacing - cellspacing", "value": "../attribute/cellspacing.html"},
{"label":"@char - Table Cell Alignment Character (NISO JATS table model)", "value": "../attribute/char.html"},
{"label":"@charoff - Table Character Offset (NISO JATS table model)", "value": "../attribute/charoff.html"},
{"label":"@code-type - Type of Code", "value": "../attribute/code-type.html"},
{"label":"@code-version - Code Version", "value": "../attribute/code-version.html"},
{"label":"@collab-type - Type of Collaboration", "value": "../attribute/collab-type.html"},
{"label":"@colspan - Column Span (NISO JATS table model)", "value": "../attribute/colspan.html"},
{"label":"@comm-ref-group-type - Committee Reference Group Type", "value": "../attribute/comm-ref-group-type.html"},
{"label":"@content-type - Type of Content", "value": "../attribute/content-type.html"},
{"label":"@continued-from - Continued From (list continuation)", "value": "../attribute/continued-from.html"},
{"label":"@contrib-id-type - Contributor Identifier Type", "value": "../attribute/contrib-id-type.html"},
{"label":"@contrib-type - Type of Contribution", "value": "../attribute/contrib-type.html"},
{"label":"@corresp - Corresponding Author Flag", "value": "../attribute/corresp.html"},
{"label":"@count - Count", "value": "../attribute/count.html"},
{"label":"@count-type - Count Type", "value": "../attribute/count-type.html"},
{"label":"@country - Country", "value": "../attribute/country.html"},
{"label":"@currency - Currency", "value": "../attribute/currency.html"},
{"label":"@date-type - Type of Date", "value": "../attribute/date-type.html"},
{"label":"@deceased - Deceased", "value": "../attribute/deceased.html"},
{"label":"@description - Private Character Description", "value": "../attribute/description.html"},
{"label":"@designator - Designator of Journal Edition/Version", "value": "../attribute/designator.html"},
{"label":"@document-id - Related Object Document Identifier", "value": "../attribute/document-id.html"},
{"label":"@document-id-type - Related Object Document Identifier Type", "value": "../attribute/document-id-type.html"},
{"label":"@document-type - Related Object Document Type", "value": "../attribute/document-type.html"},
{"label":"@dsep - Decimal Separator", "value": "../attribute/dsep.html"},
{"label":"@dtd-version - Version of the Tag Set (DTD)", "value": "../attribute/dtd-version.html"},
{"label":"@elocation-id - Elocation Identifier", "value": "../attribute/elocation-id.html"},
{"label":"@encoding - XInclude Encoding", "value": "../attribute/encoding.html"},
{"label":"@end_date - NISO ALI End Date", "value": "../attribute/end_date.html"},
{"label":"@equal-contrib - Equal Contribution", "value": "../attribute/equal-contrib.html"},
{"label":"@executable - Executable", "value": "../attribute/executable.html"},
{"label":"@ext-link-type - Type of External Link", "value": "../attribute/ext-link-type.html"},
{"label":"@fig-type - Type of Figure", "value": "../attribute/fig-type.html"},
{"label":"@fn-type - Type of Footnote", "value": "../attribute/fn-type.html"},
{"label":"@fontchar - Glyph-Data Font Character Table Offset", "value": "../attribute/fontchar.html"},
{"label":"@fontname - Glyph-Data Font Name", "value": "../attribute/fontname.html"},
{"label":"@form-type - Form Type", "value": "../attribute/form-type.html"},
{"label":"@format - Glyph Data Image Format", "value": "../attribute/format.html"},
{"label":"@frame - Frame (NISO JATS table model)", "value": "../attribute/frame.html"},
{"label":"@glyph-data - Glyph Data Character Being Referenced", "value": "../attribute/glyph-data.html"},
{"label":"@gsep - Group Separator", "value": "../attribute/gsep.html"},
{"label":"@headers - Headers (NISO JATS table model)", "value": "../attribute/headers.html"},
{"label":"@href - XInclude Href Linking Mechanism", "value": "../attribute/href.html"},
{"label":"@id - Document Internal Identifier", "value": "../attribute/id.html"},
{"label":"@index-type - Type of Index", "value": "../attribute/index-type.html"},
{"label":"@initials - Initials for Personal Names", "value": "../attribute/initials.html"},
{"label":"@institution-id-type - Type of Institution Identifier", "value": "../attribute/institution-id-type.html"},
{"label":"@is-form - Is Object a Form", "value": "../attribute/is-form.html"},
{"label":"@iso-8601-date - ISO-8601 Formatted Date", "value": "../attribute/iso-8601-date.html"},
{"label":"@issue - Issue Number of a Related Article", "value": "../attribute/issue.html"},
{"label":"@journal-id - Journal Identifier of a Related Article", "value": "../attribute/journal-id.html"},
{"label":"@journal-id-type - Type of Journal Identifier", "value": "../attribute/journal-id-type.html"},
{"label":"@kwd-group-type - Keyword Authority", "value": "../attribute/kwd-group-type.html"},
{"label":"@language - Code Language", "value": "../attribute/language.html"},
{"label":"@language-version - Code Language Version", "value": "../attribute/language-version.html"},
{"label":"@level - Hierarchical Level", "value": "../attribute/level.html"},
{"label":"@license-type - Type of License", "value": "../attribute/license-type.html"},
{"label":"@link-type - Type of Link (for a Related Object)", "value": "../attribute/link-type.html"},
{"label":"@list-content - List Content", "value": "../attribute/list-content.html"},
{"label":"@list-type - Type of List", "value": "../attribute/list-type.html"},
{"label":"@mime-subtype - Mime Subtype", "value": "../attribute/mime-subtype.html"},
{"label":"@mimetype - Mime Type", "value": "../attribute/mimetype.html"},
{"label":"@name - Name (in a Private Character)", "value": "../attribute/name.html"},
{"label":"@name-style - Personal Name Style", "value": "../attribute/name-style.html"},
{"label":"@nav-pointer-type - Type of Navigation Pointer", "value": "../attribute/nav-pointer-type.html"},
{"label":"@norm-part-of-speech - Normative part of Speech", "value": "../attribute/norm-part-of-speech.html"},
{"label":"@notation - Notation", "value": "../attribute/notation.html"},
{"label":"@notes-type - Type of Publishing Notes", "value": "../attribute/notes-type.html"},
{"label":"@object-id - Object Identifier (in Related Object)", "value": "../attribute/object-id.html"},
{"label":"@object-id-type - Object Identifier Type (in Related Object)", "value": "../attribute/object-id-type.html"},
{"label":"@object-type - Object Type (in Related Object)", "value": "../attribute/object-type.html"},
{"label":"@orientation - Orientation", "value": "../attribute/orientation.html"},
{"label":"@originator - Originator", "value": "../attribute/originator.html"},
{"label":"@page - Page (of Related Article)", "value": "../attribute/page.html"},
{"label":"@parse - XInclude Parse Flag", "value": "../attribute/parse.html"},
{"label":"@part-type - Type of Part", "value": "../attribute/part-type.html"},
{"label":"@person-group-type - Type of People (in Person Group)", "value": "../attribute/person-group-type.html"},
{"label":"@platforms - Platforms", "value": "../attribute/platforms.html"},
{"label":"@position - Position", "value": "../attribute/position.html"},
{"label":"@prefix-word - Prefix Word (For a List Item)", "value": "../attribute/prefix-word.html"},
{"label":"@preformat-type - Type of Preformatted Text", "value": "../attribute/preformat-type.html"},
{"label":"@pub-id-type - Type of Publication Identifier (in a citation)", "value": "../attribute/pub-id-type.html"},
{"label":"@pub-type - Type of Publication", "value": "../attribute/pub-type.html"},
{"label":"@publication-format - Format of Publication", "value": "../attribute/publication-format.html"},
{"label":"@publication-type - Publication Type Identifier (in a citation)", "value": "../attribute/publication-type.html"},
{"label":"@publisher-type - Type of Publisher (in a citation)", "value": "../attribute/publisher-type.html"},
{"label":"@rationale - Rationale", "value": "../attribute/rationale.html"},
{"label":"@ref-type - Type of Cross-Reference", "value": "../attribute/ref-type.html"},
{"label":"@related-article-type - Type of Related Article", "value": "../attribute/related-article-type.html"},
{"label":"@related-term-type - Related Term Type", "value": "../attribute/related-term-type.html"},
{"label":"@resolution - Resolution of the Glyph Bitmap", "value": "../attribute/resolution.html"},
{"label":"@rid - Reference to an Identifier", "value": "../attribute/rid.html"},
{"label":"@rowspan - Row Span (NISO JATS table model)", "value": "../attribute/rowspan.html"},
{"label":"@rules - Rules (NISO JATS table model)", "value": "../attribute/rules.html"},
{"label":"@scope - Scope (NISO JATS table model)", "value": "../attribute/scope.html"},
{"label":"@sec-type - Type of Section", "value": "../attribute/sec-type.html"},
{"label":"@seq - Sequence Number", "value": "../attribute/seq.html"},
{"label":"@sort-key - Sort Key for Index Entry", "value": "../attribute/sort-key.html"},
{"label":"@source-id - Source Identifier (in Related Object)", "value": "../attribute/source-id.html"},
{"label":"@source-id-type - Source Identifier Type (in Related Object)", "value": "../attribute/source-id-type.html"},
{"label":"@source-type - Source Type", "value": "../attribute/source-type.html"},
{"label":"@span - Span (NISO JATS table model)", "value": "../attribute/span.html"},
{"label":"@specific-use - Specific Use", "value": "../attribute/specific-use.html"},
{"label":"@start_date - Start Date", "value": "../attribute/start_date.html"},
{"label":"@std-id - ISO-specific Standard Identifier (for a citation)", "value": "../attribute/std-id.html"},
{"label":"@std-id-link-type - Standard ID Link Type", "value": "../attribute/std-id-link-type.html"},
{"label":"@std-id-type - Standard Identifier Type", "value": "../attribute/std-id-type.html"},
{"label":"@std-meta-type - Type of Standard Metadata", "value": "../attribute/std-meta-type.html"},
{"label":"@std-org-level - Standards Organization Hierarchical Level", "value": "../attribute/std-org-level.html"},
{"label":"@std-org-role - Standards Organization Role", "value": "../attribute/std-org-role.html"},
{"label":"@std-org-type - Standards Organization Type", "value": "../attribute/std-org-type.html"},
{"label":"@std-relationship-type - Standard Relationship Type", "value": "../attribute/std-relationship-type.html"},
{"label":"@std-type - Type of Standards Document", "value": "../attribute/std-type.html"},
{"label":"@style - Style (NISO JATS table model)", "value": "../attribute/style.html"},
{"label":"@style-type - Style Type", "value": "../attribute/style-type.html"},
{"label":"@subj-group-type - Type of Subject Group", "value": "../attribute/subj-group-type.html"},
{"label":"@summary - Summary (NISO JATS table model)", "value": "../attribute/summary.html"},
{"label":"@supplement-type - Type of Supplement", "value": "../attribute/supplement-type.html"},
{"label":"@symbol - Symbol", "value": "../attribute/symbol.html"},
{"label":"@target-type - Type of Target", "value": "../attribute/target-type.html"},
{"label":"@term-status - Term Status", "value": "../attribute/term-status.html"},
{"label":"@term-type - Type of Term", "value": "../attribute/term-type.html"},
{"label":"@toggle - Toggle Switch", "value": "../attribute/toggle.html"},
{"label":"@type - Type (class, kind)", "value": "../attribute/type.html"},
{"label":"@underline-style - Appearance of the Underline", "value": "../attribute/underline-style.html"},
{"label":"@units - Units", "value": "../attribute/units.html"},
{"label":"@valign - Vertical Alignment (NISO JATS table model)", "value": "../attribute/valign.html"},
{"label":"@version - Version of TeX or LaTeX", "value": "../attribute/version.html"},
{"label":"@vocab - Vocabulary/Taxonomy Name", "value": "../attribute/vocab.html"},
{"label":"@vocab-identifier - Vocabulary/Taxonomy Identifier", "value": "../attribute/vocab-identifier.html"},
{"label":"@vocab-term - Vocabulary/Taxonomy Term", "value": "../attribute/vocab-term.html"},
{"label":"@vocab-term-identifier - Vocabulary/Taxonomy Term Identifier", "value": "../attribute/vocab-term-identifier.html"},
{"label":"@vol - Volume of Related Article", "value": "../attribute/vol.html"},
{"label":"@width - Width (NISO JATS table model)", "value": "../attribute/width.html"},
{"label":"@x-size - X Size of the Glyph", "value": "../attribute/x-size.html"},
{"label":"@xlink:actuate - Actuating the XLink Link", "value": "../attribute/xlink-actuate.html"},
{"label":"@xlink:href - Href (XLink Linking Mechanism)", "value": "../attribute/xlink-href.html"},
{"label":"@xlink:role - XLink Linking Role", "value": "../attribute/xlink-role.html"},
{"label":"@xlink:show - Showing the XLink Link", "value": "../attribute/xlink-show.html"},
{"label":"@xlink:title - Title of the XLink Link", "value": "../attribute/xlink-title.html"},
{"label":"@xlink:type - Type of XLink Link", "value": "../attribute/xlink-type.html"},
{"label":"@xml:base - Base", "value": "../attribute/xml-base.html"},
{"label":"@xml:lang - Language of an Element", "value": "../attribute/xml-lang.html"},
{"label":"@xml:space - Space", "value": "../attribute/xml-space.html"},
{"label":"@xmlns:ali - NISO ALI Namespace (NISO Access License and Indicators)", "value": "../attribute/xmlns-ali.html"},
{"label":"@xmlns:mml - MathML Namespace Declaration", "value": "../attribute/xmlns-mml.html"},
{"label":"@xmlns:oasis - OASIS Namespace Declaration", "value": "../attribute/xmlns-oasis.html"},
{"label":"@xmlns:tbx - TBX Namespace Declaration", "value": "../attribute/xmlns-tbx.html"},
{"label":"@xmlns:xi - XInclude Namespace Declaration", "value": "../attribute/xmlns-xi.html"},
{"label":"@xmlns:xlink - XLink Namespace Declaration", "value": "../attribute/xmlns-xlink.html"},
{"label":"@xmlns:xsi - XML Schema Namespace Declaration", "value": "../attribute/xmlns-xsi.html"},
{"label":"@xpointer - XInclude XPointer", "value": "../attribute/xpointer.html"},
{"label":"@y-size - Y Size of the Glyph", "value": "../attribute/y-size.html"}]